hashtags,0
BBTitans,62
PeterObi4President2023,41
NewProfilePic,30
NowPlaying,27
PeterObiForPresident2023,20
TinubuInLagos,18
YemiCregxğ“ƒµ,18
NigeriaDecides2023,18
BreakingNews,16
MiddayXpress,15
metafi,15
MyTwitterAnniversary,12
NationalShutdown,12
TheMiddayShow,12
KanagaJnr,12
coolsound,11
TrendingNow,11
hotonair,11
Abuja,10
Nigeria,10
earthquake,10
NowOnAir,9
Radiolisten,9
TheMiddayOasisWith,9
StreamingLive,9
JesusSaves,8
JesusIsComingSoon,8
Maranatha,8
BlueAivağ“ƒµ,8
Np,7
WorkChop,7
Tunein,7
TomorrowIsHere,7
TheMidDayShow,7
Journal,6
Putin,6
TCL,6
2023Elections,6
CentreNDL,6
Leadership,6
Chimaroke,5
PlusTVAfrica,5
aishabuhari,5
Elections2023,5
ObiDatti2023,5
jagabanarmy,5
NP,5
Techbase,5
waybackhits,5
CBN,5
TalkTuesday,5
PeterObi,4
Vybz,4
alphahour,4
BBTitians,4
RanksAfrica,4
PLAYLIST,4
Bbtitans,4
VINA2023,4
VybzLagos,4
RecoverNigeria,4
nigeria,4
VybzFM,4
Article,4
Listen,4
NSPPD,4
NewNigeria,4
NOTENSIONSHOW,4
Nigeriadecide2023,4
ArrestSimonEkpa,4
TinubuIsComing,4
MUFC,4
crypto,4
LeNouveauCameroun,3
WeAreWithBiu,3
AdekunleOlopade,3
RenewedHope2023,3
Yoga,3
MiddayOasis,3
SUGA_AgustD_TOUR,3
NFT,3
OliviaOkoro,3
support,3
LabourParty,3
mobilePhoneFinance,3
QuaiNetwork,3
Donate,3
NelisaMsilağ“ƒµ,3
PraiseworldRadio,3
Easybuy,3
EndSARS,3
author,3
InspiremeTuesday,3
OBIDIENTS,3
ObidientMovement,3
RMK2023,3
Middaymagic,3
AlgalonAI,3
Arbitrum,3
turkeyearthquake2023,3
TT237,3
StanAirtelUg,3
PeterObi2023,2
ç æµ·spa,2
perfectmatchnetflix,2
Kogi,2
PeterObiForPresident,2
BBTitan,2
phaver,2
æ ªæ´²,2
phaverapp,2
phaverfrens,2
arisetv,2
froggiestoken,2
ABAT2023,2
LINA,2
Ø²Ù„Ø²Ø§Ù„,2
BDS,2
OBIDIENT,2
Discipleship,2
Napoli,2
æ­å·spa,2
Life,2
æ­å·æŒ‰æ‘©,2
StrikeX,2
VoteWisely,2
DeFi,2
Fakenews,2
IFYRA,2
2023Election,2
Arsenal,2
IAmALabourPartyAgent,2
ç æµ·æŒ‰æ‘©,2
ObiDattiFeb25,2
lagos,2
lagosfather,2
NowPlayingonMaxFM,2
7AMFIREPRAYERS,2
AtikuOkowa2023,2
7amFirePrayers,2
ä¸‹å°¾ã¿ã†,2
OliviaOkoroğ“ƒµ,2
capital,2
Osimhen,2
idj,2
GGMU,2
æµå®,2
VotePeterObiForPresident2023,2
KanagaJnrğ“ƒµ,2
KanagarJnr,2
å®œæ˜Œ,2
NigeriaElection,2
INEC,2
explore,2
SimDope,2
ChildrenareGold,2
Chelsea,2
ChatGPT,2
YouKnowByFrank,2
MidMorningShow,2
election,2
MusicAfrica,2
MenGatherVI,2
Bybit,2
MarilynMonroe,2
sevsu,2
MaxHits,2
æ·±åœ³æŒ‰æ‘©,2
technology,2
MediaGuideNG,2
COYG,2
CMR,2
Russia,2
CFC,2
Update,2
13à¸«à¸¡à¸¹à¸›à¹ˆà¸²,2
Church,2
totallyterrifictuesday,2
VoteLabourParty,2
Blog,2
DAOVERSE,2
febmarpromo,2
Crypto,2
Airdrop,2
æ·±åœ³spa,2
verylonganimals,2
RealMadrid,2
stablecoin,2
SRG,2
MiddayShow,2
streamnowonnaijaloaded,2
wontumiSports,2
ColorGang,2
SocialMining,2
WorkChopShow,2
TinyTeen,1
cryptocurrency,1
daddyGO,1
cryptocurrencies,1
daddygo,1
ToolBox,1
digitalmarketingservices,1
dailyui,1
davido,1
éå±±,1
ThinkBIGSundayWithMarsha,1
digitalpainting,1
driejewelry,1
Tinubuinlagos,1
TinubulsComing,1
digitalmarketing,1
digitalcourse,1
dyor,1
æ¼³å·,1
digitalart,1
é©¬éå±±,1
æ¹–å·,1
ecommerce,1
development,1
educational,1
developer,1
deprem,1
days,1
æ¹›æ±Ÿ,1
boring,1
Tools,1
TuesdayFeeling,1
Yvonne,1
Yvonneğ“ƒµ,1
é•‡æ±Ÿ,1
abulayquestions,1
academia,1
é‚¢å°,1
academy,1
creativetips,1
accessbank,1
actioncongress,1
africanfashion,1
agrobusiness,1
Trilema,1
é˜œé˜³,1
YourWaist,1
YouDonate,1
TwitterSpaces,1
TwosDay,1
UNIVERSITY,1
Yemicregx,1
é“¶å·,1
Yelisa,1
YEMI,1
USA,1
é“¶è¡Œå¡å·æŸ¥æ‰‹æœºå·,1
WomenEmpowerment,1
WhenYouBecomeMe,1
WhatHappenedToVirgil,1
Wearetheyellowtribe,1
WORD,1
Victoryisours,1
endofthread,1
amancioamaro,1
angelabasset,1
TotalEnergiesAFCONU20,1
èŒ‚å,1
coolnigerianvibes,1
TopList,1
construction,1
cleansing,1
christiancontent,1
cbn,1
cateyeillusion,1
cancer,1
Tosinbeeandsammieokposo,1
cameroun,1
cam,1
businessday,1
burnaboy,1
ToyinAbraham,1
architect,1
blockchains,1
bigwiz,1
bestlaundry,1
bbtitans,1
bbtitan,1
ayrastarr,1
awardplenty,1
Tracka,1
èšŒåŸ ,1
è¿äº‘æ¸¯,1
artist,1
art,1
Trade,1
TreasonHasConsequences,1
æŸ³å·,1
hotjistnaija,1
engineer,1
thrivingcreativescomunity,1
taxis,1
tech,1
techTwitter,1
techcourses,1
techfeedng,1
thecbaleng,1
thehairsensei,1
thrivingcreatives,1
tiktok,1
tuesdaymotivations,1
tinubu,1
tips,1
æ±•å¤´,1
tipsforwriters,1
tipstuesday,1
today,1
transactionalsex,1
trend,1
tarotreader,1
tarot,1
sysarmy,1
stockup,1
realestate,1
regali,1
regalidinatale,1
relationshiphelp,1
reviews,1
rignation,1
riskliyapÄ±,1
safechoice,1
sagamu,1
services,1
signal,1
sisaagaconcert,1
sketching,1
socialmediamarketing,1
solar,1
solarenergy,1
solarpower,1
tuesday,1
tuesdaytips,1
enikure,1
å®œæ˜¥,1
ãƒœã‚¤ãƒ—ãƒ©,1
ä¸‰æ˜,1
ä¿å®š,1
å—é˜³,1
å‰æ—,1
å•†ä¸˜,1
å¤§åº†,1
å®šä½ä½ç½®,1
å¼€æˆ¿è®°å½•,1
tuesdayvibe,1
å¾®ä¿¡æŸ¥ä¸ªäººèµ„æ–™,1
æ‰‹æœºå·ç æŸ¥è¯¢,1
æŸ¥äººè½¨,1
æŸ¥æ‰‹æœºå·è½¨è¿¹,1
æŸ¥æ”¯ä»˜å®æµæ°´,1
æŸ¥æ¡£,1
æŸ¥ç”µè¯è®°å½•,1
æŸ¥è½¦è¾†è½¨è¿¹èµ„æ–™,1
ãƒ‰ãƒ©ã‚¯ã‚¨ã‚¦ã‚©ãƒ¼ã‚¯,1
ã‚ªãƒªãƒãƒ¼ç ”ç©¶å®¤ã§èª•ç”Ÿä¼š2023,1
à¸ªà¸§à¸µà¸‚à¹ˆà¸²à¸¢,1
à¸£à¸±à¸šà¸‡à¸²à¸™à¸à¸´à¸©à¸“à¸¸à¹‚à¸¥à¸,1
ucl,1
votepeterobiforpresident,1
votingmatters,1
vtc,1
waves,1
wearimad,1
weedgirl,1
wike,1
witch,1
womenforpeaceandsocialdevelopmentinitiative,1
wowo,1
writingtips,1
xmas,1
xmasgift,1
yorubbbygehinny,1
Ù‡Ø²Ø©_Ø£Ø±Ø¶ÙŠØ©,1
à¸£à¸±à¸šà¸‡à¸²à¸™à¸›à¸²à¸à¸Šà¹ˆà¸­à¸‡,1
reading,1
project,1
progressive,1
icancentresinlagos,1
hotjist,1
æŸ¥é¥¿äº†ä¹ˆæ”¶è´§åœ°å€,1
æ·„åš,1
house,1
hustle,1
iTechViral,1
ibadanbusinesshub,1
ibispaintx,1
idriselba,1
poweroutage,1
ikorodu,1
imadeduso,1
æ´›é˜³,1
TheMercyOfGod,1
imo,1
investissement,1
izraeltm,1
kalakuta,1
graduate,1
gift,1
futurecityanambra,1
friends,1
esplashontvc,1
euphoria,1
æ·±åœ³,1
fakenews,1
fashion,1
fashionbrand,1
fcf,1
firstlady,1
forex,1
forextrader,1
forextrading,1
fred,1
fredminddigital,1
fredminddigitalagency,1
freehaleemagumel,1
freenbecky,1
freestyle,1
kalakutaenergy,1
kentseldÃ¶nÃ¼ÅŸÃ¼m,1
khosi,1
nationalshutdown,1
nowPlaying,1
obidient,1
obihasmyvote,1
ode,1
onlinestudy,1
ositaiheme,1
osunelectionpetitiontribunal,1
patriciatechnologies,1
pdp,1
pearlskitchen4,1
peterobi,1
peterobi4president,1
peterobi4president2023,1
peterobihasmyvote,1
podcast,1
politics,1
popsy,1
newcomicbookday,1
natale,1
kingdominfluencersnetwork,1
nairaredesign,1
kingsmen,1
kwankwasiyya2023,1
kwara,1
labour,1
lineart,1
local,1
love,1
lui,1
madeInCameroon,1
makemoneyathome,1
marketing,1
menforthelaundry,1
metaFi,1
æ²§å·,1
mufc,1
myart,1
naijapropertylisting,1
100daysOfCodeWithFlutter,1
ReferendumNow,1
TheChurchMustVote,1
Craighall,1
CregxForce,1
Curated,1
DIY,1
DXY,1
DaddyGO,1
DailyAffirmation,1
DailyStrength,1
DataAnalytics,1
DavidIsComing,1
Defi,1
DepositGuarantee,1
Development,1
Dexynth,1
Dindiri,1
DrSirWarrior,1
DulquerSalmaan,1
E10k,1
CreamOfTheCrop,1
Cooking,1
EFFCommunistManifestoLecture,1
Contour,1
Buhari,1
BuildingGhanaTogether,1
Business,1
But,1
CD,1
CFCW,1
CRAEMOC,1
CRYPTO,1
CSS,1
CallforApplications,1
Cameroon,1
Cash,1
Cast,1
ChangeTheScore,1
Channel,1
ClarkKent,1
CommeLesBlagues,1
EACOP,1
ES,1
BossNoeul,1
Florida,1
Foriegn,1
FrenchMontana,1
FutaleufÃº,1
GAS360,1
GBPUSD,1
GSL,1
Ghana,1
Giveaway,1
God,1
GodIsInIt,1
GodsSoldiers,1
Gombe,1
GrandFinaleRally,1
Greed,1
Gunners,1
HDSOUNZ,1
HTML,1
Focus,1
February25,1
EURCAD,1
FebMarPromo,1
EURUSD,1
EasyTuesday,1
Ekitiweekly,1
Elecciones2023,1
Elecciones2023Ec,1
Emefiele,1
EndBadGovernanceinNigeria,1
EndNigeriaNowToSaveLives,1
EndSars,1
EnuguState,1
FBNQuestResearch,1
FCF,1
FLUUD,1
FMI,1
FUD,1
Fact,1
FakeNews,1
Bosschaikamon,1
BolaAhmedTinubu,1
HappyBirthdayGreensprings,1
AbujaTwitterCommunity,1
Accounting,1
AceofBase,1
AfehyiaPa,1
Affirmation,1
AfternoonDrive,1
AgentsofSHIELD,1
Aifi,1
Airtel4G,1
AirtelRoaming,1
AishaBuhari,1
AlgolonAI,1
AlomoBitters,1
Amap,1
Android,1
Anthony,1
Apache,1
Apps,1
Abulay,1
AbujaCommunity,1
Arklow,1
ATS,1
1mmarchcrew,1
200k,1
24THVGMAUNSUNG,1
25feb,1
25th,1
2k,1
321study,1
34thonthe24th,1
3bn,1
4lowthemoney,1
500m,1
ADEtide,1
AMShow,1
ANNIVERSAIRE,1
APC,1
ARSMUN,1
ATIKU,1
AriseNews,1
AshdamSolar,1
BoardRoomApartments,1
Batified,1
BellaOkagbue,1
Benue,1
Bet9jaPredictAndwin,1
Bet9japredictandwin,1
BiafraExist,1
BiafraExit,1
BiafraExitNow,1
BibleBuild,1
BibleVerses,1
Binance,1
BirninKebbi,1
Bitcoin,1
Blaqboi,1
BlessedAndGrateful,1
Blockchain,1
BlocodoCantinho,1
Blogging,1
BeeNavy,1
BackInUni,1
AsiwajuBolaAhmedTinubu,1
BabaNaBaba,1
AsiwajuNiWa,1
Atiku,1
AtikuIsWinning,1
AtikuOnceSaid,1
Attractions,1
Available,1
BAOgovernance,1
BAT23,1
BATSHE,1
BBNaija,1
BBTitans2023,1
BBTitians2023,1
BBtitan,1
BETHEL,1
BOOTM,1
BOTSS,1
BSC,1
HappeningNow,1
HappyCoding,1
TedLasso,1
PstIrenSaid,1
Quranpage,1
RHOAbuja,1
RIPATSU,1
RLHUGGER,1
RMK,1
Ramadan,1
Random,1
RaypowerNetwork,1
ReadyToBeDelivered,1
RebootTheNet,1
10k,1
Remboursezmonargent,1
Reminder,1
Retweet,1
Right2Health,1
Rivers,1
Road2Victory,1
PulseNews,1
PresidentCarter,1
SENAFET2023,1
PrayersForTurkeyandsyria,1
Orangemoneydetournelargent,1
Osorno,1
OutageUpdate,1
OwoMassacre,1
PDP,1
POP7Pro,1
Palena,1
Paribus,1
PayezmafactureENEO,1
PaymentServiceBanks,1
PeterIsBetter,1
PeterMbah,1
PeterObi4President,1
PeterObiHasMyVote,1
PhynaTheElephantğ“ƒ°,1
PlanB,1
Polygonhub,1
Rwanda,1
SF,1
Onthewaybooksandmore,1
SportyBet,1
StanAirtelug,1
StillCelebratingOurFoundersDay,1
StopAtNothing,1
StrikeXWallet,1
SundayServiceChoir,1
SuperBowlHalftimeShow,1
Support,1
SurvivorStories,1
SwordFight,1
Synthetics,1
TINUBU,1
TINUBU2023,1
TOKO,1
Tacha,1
Tchad,1
TechbaseNG,1
TechbaseNigeria,1
Stamped,1
SoundCloud,1
SLL,1
Soso,1
SMC,1
SME,1
SMGgiveaway,1
SOSREX,1
SUGA,1
SUGMI,1
SUPERFAMILY,1
SafeChoice,1
SaturdayVotes,1
SaynoToViolence,1
Sealed,1
SeeSomethingDoNAlerts,1
SelflessHumanitarians,1
Sentinel,1
Serap,1
ShattamHouse,1
ShunViolence,1
OpenAI,1
OneofOne,1
HerVoice,1
Kenya,1
Khosi,1
KhosiTwalağ“ƒµ,1
KingKhosi,1
Kingkhosi,1
Kleverly,1
KogiState,1
KuCoin,1
KuLoSa,1
LEADERS,1
LIKEapp,1
LIStans,1
LIVREA,1
Lagos,1
LatinGRAMMYs,1
ListenLive,1
Lokoja,1
Love,1
Khaid,1
Kano,1
LumishareSRG,1
KOGI,1
HumansOfRCA,1
I,1
IAmJagaban,1
ICAN,1
ICT,1
IECares,1
IkupaManu,1
InternationalMotherLanguageDay,1
InternetForTrust,1
Internship,1
Investmeant,1
ItsPOssible,1
Jesus,1
Job,1
Joliecouplechallenge,1
JoyTimeInHisPresence,1
Jumia,1
LumiShare,1
LutherTheFallenSun,1
OlumideAderinokun,1
NewNairaNotes,1
NigeriaDecides,1
NigeriaWins,1
NigerianArmy,1
NigerianTachaTitans,1
Nigerians,1
NigeriansDecides2023,1
Noeulnutarrat,1
NorthKorea,1
NouvellePhotoDeProfil,1
OAUTwitter,1
OBI,1
OBIdientlyYUSful,1
OCEANUSDT,1
OPMAccountabilityBaraza,1
Obidatti,1
Obidient,1
ObidientSaul,1
News,1
NewCash,1
MADRID,1
NairaScarcity,1
MONCLERGENIUS,1
MOPSS,1
MUFCTakeover,1
MUNLEI,1
Maroc,1
Mellisa,1
MercyChinwo,1
MetaGalaxy,1
Mondler,1
MoonlitBeach,1
Mpox,1
Myhonestdecision,1
NAP,1
NBAAllStar,1
NDICNigeria,1
NGElections23,1
NNPP2023,1
ì•„í…Œë‚˜ë¦¬í„´ì¦ˆ,1
